<?xml version="1.0" encoding="UTF-8" ?>
<!DOCTYPE  mapper PUBLIC "-//mybatis.org//DTD Mapper 3.0//EN" "http://mybatis.org/dtd/mybatis-3-mapper.dtd" >
<mapper namespace="com.aaa.bbb.dao.BackUserDao">
    <resultMap id="queryResultMap" type="com.aaa.bbb.entity.BackUser">
                <result column="username" property="username" jdbcType="VARCHAR" />
                <result column="password" property="password" jdbcType="VARCHAR" />
                <result column="add_time" property="addTime" jdbcType="TIMESTAMP" />
            </resultMap>

    <select id="find" parameterType="org.durcframework.core.expression.ExpressionQuery"
		resultMap="queryResultMap">
		SELECT t.*
		FROM back_user t
		<include refid="expressionBlock.where" />
		<choose>
			<when test="sortname == null">
				ORDER BY t.username desc
			</when>
			<otherwise>
				ORDER BY ${order}
			</otherwise>
		</choose>
		<if test="!isQueryAll">
			LIMIT
			#{start,jdbcType=INTEGER},#{limit,jdbcType=INTEGER}
		</if>
	</select>


    <select id="findTotalCount" parameterType="org.durcframework.core.expression.ExpressionQuery"
		resultType="java.lang.Integer">
		SELECT count(*) FROM back_user t
		<include refid="expressionBlock.where" />
    </select>

    <insert id="save" parameterType="com.aaa.bbb.entity.BackUser"
    >
	INSERT INTO back_user
         (
                              `username`
                                        , `password`
                                        , `add_time`
                              )
	VALUES (
                              #{username,jdbcType=VARCHAR}
                                        , #{password,jdbcType=VARCHAR}
                                        , #{addTime,jdbcType=TIMESTAMP}
                     
        )
	</insert>


    <update id="update" parameterType="com.aaa.bbb.entity.BackUser">
    UPDATE back_user
    SET 
                                                 password=#{password,jdbcType=VARCHAR}
                                     , add_time=#{addTime,jdbcType=TIMESTAMP}
                     WHERE username = #{username,jdbcType=VARCHAR}
    </update>

    <select id="get" resultMap="queryResultMap" parameterType="com.aaa.bbb.entity.BackUser">
		SELECT t.*
		FROM back_user t
		WHERE username = #{username,jdbcType=VARCHAR}
	</select>
	
	<delete id="del" parameterType="com.aaa.bbb.entity.BackUser">
		DELETE FROM back_user
		WHERE username = #{username,jdbcType=VARCHAR}
	</delete>

</mapper>